{"threshold": 0.0983691610531526, "w_supervised": 0.7, "w_iso": 0.15, "w_autoencoder": 0.15, "iso_min": 0.3570923269219931, "iso_max": 0.7382839548191763, "ae_max": 55.17405700683594, "feature_cols": ["Time", "Amount", "Amount_log", "transaction_hour", "V1", "V2", "V3", "V4", "V5", "V6", "V7", "V8", "V9", "V10", "V11", "V12", "V13", "V14", "V15", "V16", "V17", "V18", "V19", "V20", "V21", "V22", "V23", "V24", "V25", "V26", "V27", "V28"], "numeric_to_scale": ["Time", "Amount", "Amount_log", "transaction_hour"]}